<?xml version="1.0" encoding="UTF-8"?>
<project-private xmlns="http://www.netbeans.org/ns/project-private/1">
    <editor-bookmarks xmlns="http://www.netbeans.org/ns/editor-bookmarks/2" lastBookmarkId="0"/>
    <open-files xmlns="http://www.netbeans.org/ns/projectui-open-files/2">
        <group>
            <file>file:/C:/Users/frede/Videos/SDU%20Robot%20Diplom/Semester_projekt/src/semester_projekt/aflevering.java</file>
            <file>file:/C:/Users/frede/Videos/SDU%20Robot%20Diplom/Semester_projekt/src/semester_projekt/RobotClient.java</file>
        </group>
    </open-files>
</project-private>
